post_id,post_code,post_url
-,-,-
3485880936028904669_14444264726,DBgVj4JTxzd,https://instagram.com/reel/DBgVj4JTxzd
3477217448653962393_7565067739,DBBjtixzzyZ,https://instagram.com/reel/DBBjtixzzyZ
3473001008585434980_7565067739,DAylAQ9Tudk,https://instagram.com/reel/DAylAQ9Tudk
3456041760580280278_51158771944,C_2U6ucTZ_W,https://instagram.com/reel/C_2U6ucTZ_W
3435885441839634536_7565067739,C-ut5rxyZho,https://instagram.com/reel/C-ut5rxyZho
3406042035026361255_7565067739,C9EsS9Ty3un,https://instagram.com/reel/C9EsS9Ty3un
3370080836346689715_7565067739,C7E7qpKy7iz,https://instagram.com/reel/C7E7qpKy7iz
3351845397857022105_7565067739,C6EJaFpS7CZ,https://instagram.com/reel/C6EJaFpS7CZ
3348894829899240324_7565067739,C55qhrGSVOE,https://instagram.com/reel/C55qhrGSVOE
3317214317028009339_7565067739,C4JHNiSS2V7,https://instagram.com/reel/C4JHNiSS2V7
3284129374379139150_7565067739,C2TkkQUS2BO,https://instagram.com/reel/C2TkkQUS2BO
3259018879011743650_7565067739,C06XGdHyWei,https://instagram.com/reel/C06XGdHyWei
